{
    "version": 1,
    "author": "Anonymous maker",
    "editor": "wokwi",
    "parts": [
      { "type": "board-esp32-devkit-c-v4", "id": "esp", "top": 0, "left": 0, "attrs": {} },
      {
        "type": "wokwi-resistor",
        "id": "r1",
        "top": 72,
        "left": 210.65,
        "rotate": 90,
        "attrs": { "value": "1000" }
      },
      {
        "type": "wokwi-resistor",
        "id": "r2",
        "top": 72,
        "left": 249.05,
        "rotate": 90,
        "attrs": { "value": "1000" }
      },
      { "type": "wokwi-led", "id": "led1", "top": -99.6, "left": 119, "attrs": { "color": "red" } },
      {
        "type": "wokwi-led",
        "id": "led2",
        "top": -99.6,
        "left": 205.4,
        "attrs": { "color": "yellow" }
      },
      {
        "type": "wokwi-led",
        "id": "led3",
        "top": -99.6,
        "left": 291.8,
        "attrs": { "color": "green" }
      },
      {
        "type": "wokwi-resistor",
        "id": "r3",
        "top": 13.55,
        "left": 288,
        "rotate": 90,
        "attrs": { "value": "1000" }
      }
    ],
    "connections": [
      [ "esp:TX", "$serialMonitor:RX", "", [] ],
      [ "esp:RX", "$serialMonitor:TX", "", [] ],
      [ "led1:A", "r1:1", "green", [ "v0" ] ],
      [ "r1:2", "esp:26", "green", [ "h0" ] ],
      [ "led2:A", "r2:1", "green", [ "v0" ] ],
      [ "r2:2", "esp:33", "green", [ "h-268.8", "v-10.8" ] ],
      [ "esp:GND.2", "led1:C", "black", [ "v0" ] ],
      [ "esp:GND.2", "led2:C", "black", [ "v-67.2", "h139.24" ] ],
      [ "esp:GND.2", "led3:C", "black", [ "v0" ] ],
      [ "led3:A", "r3:1", "green", [ "v0" ] ],
      [ "r3:2", "esp:12", "green", [ "h0" ] ]
    ],
    "dependencies": {}
  }